{
	"g1_transform_to_robot": {
		"sounds": [
			"g1_transform_to_robot"
		],
		"category": "player"
	},
	
	"g1_transform_to_vehicle": {
		"sounds": [
			"g1_transform_to_vehicle"
		],
		"category": "player"
	},
	"nullray_shoot": {
		"sounds": [
			"nullray_shoot"
		],
		"category": "player"
	},

	"wfc_barricade_to_robot": {
		"sounds": [
			"wfc_barricade_to_robot"
		],
		"category": "player"
	},
	
	"wfc_barricade_to_vehicle": {
		"sounds": [
			"wfc_barricade_to_vehicle"
		],
		"category": "player"
	}	
}