{
	
	"tfr_subwoofer_to_vehicle": {
		"sounds": [
			"tfr_subwoofer_to_vehicle"
		],
		"category": "player"
	},
	
	"tfr_subwoofer_vehicle_idle": {
		"sounds": [
			"tfr_subwoofer_vehicle_idle"
		],
		"category": "player"
	},
	
	"tfr_subwoofer_vehicle_boost_start": {
		"sounds": [
			"tfr_subwoofer_vehicle_boost_start"
		],
		"category": "player"
	},
	
	"tfr_subwoofer_vehicle_boost": {
		"sounds": [
			"tfr_subwoofer_vehicle_boost"
		],
		"category": "player"
	},
	
	"g1_transform_to_robot": {
		"sounds": [
			"g1_transform_to_robot"
		],
		"category": "player"
	},
	
	"g1_transform_to_vehicle": {
		"sounds": [
			"g1_transform_to_vehicle"
		],
		"category": "player"
	},
	"nullray_shoot": {
		"sounds": [
			"nullray_shoot"
		],
		"category": "player"
	},

	"wfc_barricade_to_robot": {
		"sounds": [
			"wfc_barricade_to_robot"
		],
		"category": "player"
	},
	
	"wfc_barricade_to_vehicle": {
		"sounds": [
			"wfc_barricade_to_vehicle"
		],
		"category": "player"
	},
	
	"wfc_car_jump_1": {
		"sounds": [
			"wfc_car_jump_1"
		],
		"category": "player"
	},
	
	"wfc_car_idle_loop_1": {
		"sounds": [
			"wfc_car_idle_loop_1"
		],
		"category": "player"
	},
	
	"wfc_car_boost_start_1": {
		"sounds": [
			"wfc_car_boost_start_1"
		],
		"category": "player"
	},
	
	"wfc_car_boost_loop_1": {
		"sounds": [
			"wfc_car_boost_loop_1"
		],
		"category": "player"
	},
	
	"wfc_car_boost_end_1": {
		"sounds": [
			"wfc_car_boost_end_1"
		],
		"category": "player"
	}				
}